"","ARMS17R1","ARMS17R2","ARMS17R3","Equimolar17R1","Negative","%cover17R1","Equimolar17R2","%cover17R2","Equimolar17R3","%cover17R3"
"ASV1",27213,28358,28482,1363,3,1301,1384,1527,1378,1513
"ASV2",20027,20667,20951,1081,3,1231,1115,1325,1241,1302
"ASV3",7093,6777,6748,615,58,4767,538,5410,581,4982
"ASV4",5247,5442,5414,431,46,3693,440,4300,413,4096
"ASV5",644,631,548,6089,365,10970,5991,12565,6237,11575
"ASV6",502,517,489,4642,241,8144,4657,9481,5031,8690
"ASV7",3406,3247,3196,1,0,0,0,1,0,1
"ASV8",3254,3025,2980,0,0,0,0,0,0,0
"ASV9",2313,2316,2302,0,25,0,0,0,0,0
"ASV10",5,3,3,955,16,7681,980,8974,960,8327
"ASV11",2066,1996,2041,0,0,0,0,0,0,0
"ASV12",1989,1882,1968,5,0,2,3,0,2,0
"ASV13",2051,1923,1760,0,11,0,0,1,0,0
"ASV14",0,0,0,7363,0,17,7587,14,8443,31
"ASV15",1690,1696,1743,0,0,0,0,0,1,0
"ASV16",1703,1687,1679,4,0,0,2,0,2,1
"ASV17",1313,1297,1293,1425,0,438,1373,495,1388,432
"ASV18",0,0,0,6648,1,17,6950,11,7461,25
"ASV19",1,2,3,670,12,5795,672,6747,683,6357
"ASV20",1009,1055,1039,1094,0,332,1125,386,1153,333
"ASV21",1102,1099,1131,66,0,55,57,61,63,46
"ASV22",846,785,834,0,0,9,0,8,1,3
"ASV23",765,742,727,0,0,0,0,0,0,0
"ASV24",642,609,670,0,0,0,0,0,0,0
"ASV25",656,633,658,1,0,5,1,7,2,9
"ASV26",1,0,0,2537,9,20,2466,19,2697,14
"ASV27",0,0,0,2146,6,24,2351,16,2510,24
"ASV28",588,524,532,0,1,0,0,0,0,0
"ASV29",452,452,441,0,0,0,0,0,0,0
"ASV30",393,374,412,0,0,0,0,0,0,0
"ASV31",385,358,385,0,0,0,0,0,0,0
"ASV32",384,366,282,24,0,27,16,26,17,38
"ASV33",386,373,282,18,0,23,21,20,27,24
"ASV34",327,300,307,2,0,3,3,2,3,2
"ASV35",297,294,322,0,0,0,0,0,0,0
"ASV36",290,287,292,0,0,0,0,0,0,0
"ASV37",306,326,267,1,0,1,4,1,0,2
"ASV38",331,269,293,0,0,1,0,0,0,0
"ASV39",8,10,14,1259,0,11,1202,21,1160,14
"ASV40",342,278,262,2,0,0,0,4,0,0
"ASV41",277,274,249,1,0,0,0,1,1,0
"ASV42",302,255,249,0,0,0,0,0,0,0
"ASV43",253,233,219,0,0,0,0,0,0,0
"ASV44",166,181,201,12,4,126,14,127,17,154
"ASV45",237,220,212,0,0,1,0,0,0,0
"ASV46",6,5,6,810,0,11,913,15,925,6
"ASV47",31,19,15,771,0,11,739,5,823,5
"ASV48",169,214,200,0,0,0,0,0,0,0
"ASV49",140,124,123,224,0,3,192,5,200,9
"ASV50",14,13,13,614,0,3,581,9,632,7
"ASV51",152,157,152,0,0,1,0,0,2,0
"ASV52",99,117,117,164,0,5,202,4,190,10
"ASV53",12,7,11,607,0,4,565,16,563,13
"ASV54",147,145,119,0,0,0,0,0,0,0
"ASV55",14,13,14,170,7,275,174,337,179,294
"ASV56",119,124,131,0,0,0,0,0,0,0
"ASV57",110,118,123,0,0,0,0,0,0,0
"ASV58",0,0,1,505,0,5,500,7,532,16
"ASV59",132,129,98,0,0,0,0,0,0,0
"ASV60",112,102,120,0,0,0,0,0,0,0
"ASV61",8,3,5,435,0,8,470,8,438,5
"ASV62",136,125,98,0,0,0,0,0,0,0
"ASV63",110,99,117,0,0,0,0,0,1,0
"ASV64",119,108,93,0,0,0,0,0,0,0
"ASV65",103,100,99,0,0,0,0,0,0,0
"ASV66",114,93,122,0,0,0,0,0,1,0
"ASV67",2,1,0,401,0,3,453,0,433,3
"ASV68",133,101,95,0,0,0,0,0,0,0
"ASV69",95,90,78,0,0,0,1,0,0,0
"ASV70",75,111,102,0,0,0,0,0,0,0
"ASV71",123,95,81,0,0,0,0,0,0,0
"ASV72",96,96,94,0,0,0,0,0,0,0
"ASV73",100,95,82,0,0,0,0,0,0,0
"ASV74",75,88,91,0,0,1,0,0,0,0
"ASV75",90,75,75,0,0,0,0,0,0,0
"ASV76",81,65,86,0,0,0,0,0,0,0
"ASV77",72,84,84,2,0,9,2,3,2,4
"ASV78",86,74,64,0,0,0,0,0,0,0
"ASV79",89,78,75,0,0,0,0,0,0,0
"ASV80",44,38,35,9,0,133,13,130,14,103
"ASV81",80,58,66,0,0,0,0,0,0,0
"ASV82",72,74,58,0,0,0,0,0,0,0
"ASV83",0,0,0,0,854,0,0,0,0,0
"ASV84",54,46,46,12,0,81,11,99,11,97
"ASV85",80,65,58,0,0,0,0,0,0,0
"ASV86",0,0,0,277,0,0,262,2,279,1
"ASV87",68,79,66,0,0,1,0,0,0,0
"ASV88",46,64,60,0,0,0,0,0,0,0
"ASV89",29,39,32,8,0,95,15,118,7,110
"ASV90",70,57,62,0,0,0,0,0,0,0
"ASV91",77,59,49,0,0,0,0,0,0,0
"ASV92",0,0,0,267,0,1,228,2,258,2
"ASV93",0,0,0,16,0,215,31,226,26,217
"ASV94",57,68,46,0,0,0,0,0,0,0
"ASV95",0,0,0,227,0,0,228,2,221,3
"ASV96",0,0,0,0,676,0,0,0,0,0
"ASV97",42,36,40,41,0,12,40,12,46,17
"ASV98",56,57,46,0,0,0,0,0,0,0
"ASV99",0,0,0,196,0,0,205,0,247,1
"ASV100",54,49,35,0,0,0,0,0,0,0
"ASV101",57,49,41,0,0,0,0,0,0,0
"ASV102",60,46,53,0,0,0,0,0,0,0
"ASV103",50,45,57,0,0,0,0,0,0,0
"ASV104",40,31,39,23,0,2,22,3,19,3
"ASV105",49,41,56,0,0,0,0,0,0,0
"ASV106",49,34,32,11,0,2,10,6,20,4
"ASV107",55,42,43,0,0,0,0,0,0,0
"ASV108",40,30,43,0,0,0,0,0,0,0
"ASV109",0,0,0,154,0,1,193,2,193,2
"ASV110",0,0,0,169,0,0,181,2,180,0
"ASV111",34,44,41,1,0,3,0,3,1,2
"ASV112",36,37,42,0,0,0,0,0,0,0
"ASV113",38,43,32,0,0,1,0,0,0,0
"ASV114",44,39,43,0,0,0,0,0,0,0
"ASV115",36,36,32,0,0,0,0,0,0,0
"ASV116",39,34,36,0,0,0,0,0,0,0
"ASV117",28,42,47,3,0,3,4,6,3,8
"ASV118",31,24,28,0,0,0,0,0,0,0
"ASV119",35,28,40,0,0,0,0,0,0,0
"ASV120",19,24,21,3,0,47,5,59,10,53
"ASV121",41,26,35,0,0,0,0,0,0,0
"ASV122",0,1,1,143,0,0,110,0,146,1
"ASV123",38,33,40,0,0,0,0,0,0,0
"ASV124",22,38,32,0,0,5,0,3,0,2
"ASV125",0,0,0,151,0,1,123,2,118,2
"ASV126",30,38,35,0,0,1,0,0,0,0
"ASV127",35,33,27,0,0,0,0,0,0,0
"ASV128",45,29,18,0,0,0,0,0,0,0
"ASV129",33,34,26,0,0,0,0,0,0,0
"ASV130",26,33,28,0,0,0,0,0,0,0
"ASV131",45,26,23,0,0,0,0,0,0,0
"ASV132",30,16,34,0,0,0,0,0,0,0
"ASV133",29,16,25,1,0,2,0,0,0,0
"ASV134",26,23,18,0,0,0,0,0,0,0
"ASV135",0,0,0,115,0,1,111,2,112,0
"ASV136",24,28,39,0,0,0,0,0,0,0
"ASV137",28,38,32,0,0,0,0,0,0,0
"ASV138",21,29,28,0,0,0,0,0,0,0
"ASV139",1,0,0,103,0,3,108,1,113,1
"ASV140",24,29,17,0,0,0,0,0,0,0
"ASV141",25,31,18,0,0,0,0,1,0,0
"ASV142",23,20,27,0,0,1,0,0,1,0
"ASV143",23,29,18,0,0,0,0,0,0,0
"ASV144",21,30,26,0,0,0,0,0,0,0
"ASV145",24,20,24,0,0,0,0,0,0,0
"ASV146",22,22,23,0,0,0,0,1,0,0
"ASV147",0,1,0,95,0,1,89,0,94,3
"ASV148",19,18,14,0,0,0,0,1,0,0
"ASV149",13,20,16,2,0,1,2,4,3,10
"ASV150",15,18,27,0,0,0,0,0,0,0
"ASV151",18,19,32,0,0,0,0,0,0,0
"ASV152",21,24,19,0,0,0,0,0,0,0
"ASV153",30,15,18,0,0,0,0,0,0,0
"ASV154",25,22,27,3,0,0,1,0,1,0
"ASV155",28,21,19,0,0,0,0,1,0,0
"ASV156",28,18,15,0,0,0,0,0,0,0
"ASV157",15,23,10,1,0,0,1,0,3,0
"ASV158",0,0,0,76,1,1,78,1,89,0
"ASV159",15,16,17,0,0,0,0,0,0,0
"ASV160",18,19,15,0,0,0,0,0,0,0
"ASV161",20,14,20,0,0,0,0,0,0,0
"ASV162",20,15,17,0,0,0,0,0,0,0
"ASV163",21,16,19,0,0,0,0,0,0,0
"ASV164",9,23,14,1,0,0,0,1,2,3
"ASV165",14,6,14,1,0,14,0,16,0,9
"ASV166",23,9,21,0,0,4,3,2,0,4
"ASV167",16,14,10,0,0,0,0,0,0,0
"ASV168",20,20,9,0,0,0,0,0,0,0
"ASV169",15,16,11,0,0,0,0,0,0,0
"ASV170",15,12,11,0,0,1,6,1,0,2
"ASV171",17,19,13,0,0,0,0,0,0,0
"ASV172",17,11,12,0,0,0,0,0,0,0
"ASV173",16,9,14,3,0,7,8,6,1,9
"ASV174",18,15,7,0,0,0,0,0,0,0
"ASV175",23,12,12,0,0,0,0,0,0,0
"ASV176",0,0,0,53,1,1,64,0,64,0
"ASV177",14,13,12,0,0,0,0,0,0,0
"ASV178",7,14,18,0,0,0,0,0,0,0
"ASV179",13,13,16,0,0,0,0,0,0,0
"ASV180",15,22,15,0,0,0,0,0,0,0
"ASV181",0,0,0,59,0,0,48,0,62,0
"ASV182",18,14,13,0,0,0,0,0,0,0
"ASV183",15,12,11,0,0,0,0,0,0,0
"ASV184",11,10,25,0,0,0,0,0,0,0
"ASV185",15,6,5,3,0,7,2,6,3,10
"ASV186",14,13,11,0,0,0,0,0,0,0
"ASV187",11,9,11,0,0,0,0,0,0,0
"ASV188",14,22,13,0,0,0,0,0,0,0
"ASV189",13,7,9,0,0,0,0,0,0,0
"ASV190",8,13,9,0,0,0,0,0,0,0
"ASV191",0,0,0,52,0,0,38,0,59,0
"ASV192",10,13,13,0,0,0,0,0,0,0
"ASV193",11,11,13,0,0,0,0,0,0,0
"ASV194",8,9,19,0,0,0,0,0,0,0
"ASV195",1,1,0,37,0,1,48,1,47,2
"ASV196",15,11,9,0,0,0,0,2,0,1
"ASV197",16,11,12,0,0,0,0,0,0,0
"ASV198",11,12,12,0,0,0,0,0,0,0
"ASV199",14,6,15,0,0,0,0,0,0,0
"ASV200",9,12,17,0,0,0,0,0,0,0
"ASV201",5,7,13,2,0,0,0,0,0,2
"ASV202",11,9,15,0,0,0,0,0,0,0
"ASV203",13,12,8,0,0,0,0,0,0,0
"ASV204",12,7,10,0,0,0,0,0,0,0
"ASV205",9,8,10,0,0,0,0,0,0,0
"ASV206",10,8,12,0,0,0,0,0,0,0
"ASV207",15,8,11,0,0,0,0,0,0,0
"ASV208",12,11,11,0,0,0,0,0,0,0
"ASV209",0,0,0,13,0,32,14,25,12,27
"ASV210",10,8,6,1,0,0,0,4,1,0
"ASV211",9,11,9,0,0,0,0,0,0,0
"ASV212",9,9,6,3,0,1,1,2,3,1
"ASV213",11,4,7,0,0,0,0,0,0,0
"ASV214",10,11,15,0,0,0,0,0,0,0
"ASV215",6,10,3,0,0,2,1,2,2,5
"ASV216",11,9,5,0,0,0,0,0,0,0
"ASV217",12,7,4,0,0,0,0,0,0,0
"ASV218",11,14,8,0,0,0,0,0,0,0
"ASV219",9,9,11,1,0,2,0,0,0,0
"ASV220",16,7,8,0,0,1,1,0,2,0
"ASV221",8,5,5,1,0,5,2,3,1,3
"ASV222",5,13,8,0,0,0,0,0,0,0
"ASV223",7,1,1,12,0,11,13,11,5,6
"ASV224",11,7,7,0,0,0,0,0,0,0
"ASV225",16,6,4,0,0,0,0,0,0,0
"ASV226",0,0,0,37,0,0,33,0,35,0
"ASV227",9,4,3,2,0,1,0,0,1,1
"ASV228",6,7,5,0,0,0,0,0,2,1
"ASV229",7,9,4,0,0,0,0,0,0,0
"ASV230",10,4,1,1,0,0,0,0,0,0
"ASV231",0,0,1,18,0,18,9,30,11,13
"ASV232",6,5,7,0,0,0,0,0,0,0
"ASV233",8,5,9,0,0,3,0,3,0,2
"ASV234",5,1,3,11,0,4,13,10,12,13
"ASV235",6,6,6,0,0,0,0,0,0,0
"ASV236",8,6,6,1,0,0,2,0,3,2
"ASV237",11,5,7,0,0,0,1,0,1,0
"ASV238",9,9,6,0,0,0,0,0,0,0
"ASV239",8,6,8,2,0,3,0,3,2,3
"ASV240",0,0,0,22,0,0,40,0,31,0
"ASV241",1,0,0,10,0,17,12,18,12,16
"ASV242",9,12,5,0,0,0,0,0,0,0
"ASV243",0,0,2,9,0,13,12,22,9,17
"ASV244",9,8,8,0,0,0,0,0,0,0
"ASV245",4,7,5,0,0,0,0,0,0,0
"ASV246",12,6,5,1,0,1,1,5,0,5
"ASV247",13,7,8,1,0,0,0,0,0,0
"ASV248",8,7,8,0,0,0,0,0,0,0
"ASV249",10,11,6,0,0,0,0,0,2,0
"ASV250",10,4,5,0,0,0,0,0,0,0
"ASV251",8,9,7,0,0,0,0,0,0,0
"ASV252",5,5,7,0,0,0,0,0,0,0
"ASV253",7,3,6,0,0,0,0,0,0,0
"ASV254",5,3,4,0,0,0,0,0,0,0
"ASV255",7,4,9,0,0,0,0,0,0,0
"ASV256",3,2,4,0,0,0,0,0,0,0
"ASV257",5,4,6,0,0,0,0,0,0,0
"ASV258",0,1,0,9,0,21,9,10,9,9
"ASV259",6,4,7,0,0,0,0,0,0,0
"ASV260",6,5,6,0,0,0,0,0,0,0
"ASV261",8,6,3,2,0,3,2,3,0,3
"ASV262",4,6,4,0,0,0,0,0,0,0
"ASV263",3,4,4,0,0,0,1,1,0,1
"ASV264",5,10,6,1,0,0,2,0,0,3
"ASV265",4,4,4,1,0,1,0,0,0,0
"ASV266",5,6,6,0,0,0,0,0,0,0
"ASV267",2,3,4,1,0,0,0,0,0,0
"ASV268",6,8,6,0,0,0,0,0,0,0
"ASV269",8,6,4,0,0,0,0,0,0,0
"ASV270",4,2,5,0,0,0,0,0,0,0
"ASV271",5,4,8,0,0,0,0,0,0,0
"ASV272",4,9,7,0,0,0,0,0,1,0
"ASV273",0,0,0,15,0,0,21,0,27,0
"ASV274",9,7,3,0,0,0,0,0,0,0
"ASV275",6,3,9,0,0,0,0,0,0,0
"ASV276",5,9,8,0,0,0,0,0,0,0
"ASV277",4,3,3,0,0,0,0,0,0,0
"ASV278",9,3,5,0,0,0,0,0,0,0
"ASV279",6,5,3,0,0,0,0,0,0,0
"ASV280",7,4,4,0,0,0,0,0,0,0
"ASV281",3,1,3,0,1,4,0,3,1,1
"ASV282",7,5,6,0,0,0,0,0,0,0
"ASV283",4,9,5,0,0,0,0,0,0,0
"ASV284",5,2,1,5,0,2,2,10,3,9
"ASV285",5,3,6,0,0,0,0,0,0,0
"ASV286",4,2,4,0,0,0,0,0,0,0
"ASV287",3,5,8,0,0,0,0,0,0,0
"ASV288",5,6,2,0,0,0,0,0,0,0
"ASV289",3,3,5,0,0,0,0,0,0,0
"ASV290",5,6,3,0,0,0,0,0,0,0
"ASV291",3,5,6,1,0,0,0,0,1,0
"ASV292",3,0,3,0,0,0,0,0,0,0
"ASV293",6,5,6,0,0,0,0,0,0,0
"ASV294",4,3,7,0,0,0,0,0,0,0
"ASV295",6,1,3,0,0,3,0,2,0,4
"ASV296",8,3,4,0,0,0,0,0,0,0
"ASV297",4,3,3,1,0,0,0,0,0,1
"ASV298",3,3,4,0,0,0,0,0,0,0
"ASV299",2,2,2,0,0,0,0,0,0,0
"ASV300",5,1,4,0,0,0,0,0,0,0
"ASV301",1,5,3,5,0,0,2,0,5,0
"ASV302",4,2,4,0,0,0,0,0,0,0
"ASV303",6,4,2,1,0,2,1,2,2,6
"ASV304",0,0,0,2,0,15,2,17,0,12
"ASV305",7,4,2,0,0,0,0,0,0,0
"ASV306",3,6,1,0,0,0,0,0,0,0
"ASV307",3,6,4,0,0,0,0,0,0,0
"ASV308",7,7,3,0,0,0,0,0,0,0
"ASV309",5,3,3,0,0,0,0,0,0,0
"ASV310",2,3,3,0,0,0,0,0,0,0
"ASV311",5,3,4,0,0,0,0,0,0,0
"ASV312",1,4,0,0,0,0,0,0,0,0
"ASV313",3,3,2,0,0,0,0,0,0,0
"ASV314",1,3,5,0,0,0,0,0,0,0
"ASV315",4,0,1,1,0,4,3,3,4,7
"ASV316",2,2,4,0,0,0,0,0,0,0
"ASV317",4,4,1,0,0,0,0,0,0,0
"ASV318",1,3,3,1,0,1,0,0,0,0
"ASV319",1,3,2,2,0,7,5,7,5,2
"ASV320",3,0,1,1,0,0,1,1,0,0
"ASV321",6,5,3,0,0,0,0,0,0,0
"ASV322",3,1,2,0,0,0,0,0,0,0
"ASV323",6,3,3,0,0,0,0,0,1,0
"ASV324",4,4,0,0,0,2,0,0,0,0
"ASV325",2,2,5,0,0,0,0,1,0,0
"ASV326",3,4,2,3,0,0,4,5,6,2
"ASV327",2,4,6,0,0,0,0,0,0,0
"ASV328",3,2,3,0,0,0,0,0,0,0
"ASV329",5,2,2,0,0,0,0,0,0,0
"ASV330",5,3,3,0,0,0,0,0,0,0
"ASV331",7,1,2,0,0,2,0,0,0,4
"ASV332",6,2,2,0,0,0,0,0,0,0
"ASV333",4,5,1,0,0,0,0,0,0,0
"ASV334",2,0,5,0,0,0,0,0,0,0
"ASV335",4,3,2,0,0,0,0,0,0,0
"ASV336",2,3,2,0,0,2,0,4,1,2
"ASV337",5,3,3,0,0,0,0,0,0,0
"ASV338",2,1,2,0,0,0,0,1,0,2
"ASV339",3,3,3,0,0,0,0,0,0,0
"ASV340",1,1,0,6,0,1,13,1,8,2
"ASV341",1,3,0,0,0,4,0,2,2,2
"ASV342",3,5,1,0,0,1,0,2,1,3
"ASV343",1,2,5,0,0,0,0,0,0,0
"ASV344",2,1,0,6,0,2,2,3,3,3
"ASV345",8,0,1,0,0,0,0,0,0,1
"ASV346",4,3,4,0,0,0,0,1,0,0
"ASV347",1,0,1,9,0,2,5,0,6,2
"ASV348",3,1,5,0,0,0,0,1,0,0
"ASV349",4,3,3,0,0,0,0,0,0,0
"ASV350",2,1,2,1,0,0,1,0,0,0
"ASV351",3,4,2,0,0,0,0,0,0,0
"ASV352",3,0,1,0,0,0,0,0,0,0
"ASV353",3,0,4,0,0,0,0,0,0,0
"ASV354",0,1,2,0,0,0,0,0,0,1
"ASV355",3,0,2,0,0,0,0,0,0,0
"ASV356",4,1,2,0,0,0,0,0,0,0
"ASV357",2,1,4,0,0,0,0,0,0,0
"ASV358",2,5,2,0,0,0,0,0,0,0
"ASV359",0,0,0,2,0,4,1,8,6,5
"ASV360",5,1,7,0,0,0,0,0,0,0
"ASV361",2,1,3,0,0,0,0,0,0,0
"ASV362",5,3,4,0,0,0,0,0,0,0
"ASV363",1,2,2,0,0,2,1,1,0,2
"ASV364",2,5,4,0,0,0,0,0,0,0
"ASV365",2,1,1,0,0,0,0,0,0,0
"ASV366",2,5,2,1,0,0,0,0,0,0
"ASV367",3,1,1,0,0,0,0,0,0,0
"ASV368",2,2,0,0,0,0,0,0,0,1
"ASV369",3,0,2,0,0,0,1,0,0,0
"ASV370",0,0,1,0,0,1,1,5,3,8
"ASV371",0,5,0,0,0,0,0,0,0,0
"ASV372",3,1,2,0,0,0,0,0,0,0
"ASV373",1,1,2,0,0,0,0,0,0,0
"ASV374",1,4,3,0,0,0,0,0,0,0
"ASV375",4,3,3,0,0,0,0,0,0,0
"ASV376",3,1,1,0,0,1,0,1,1,4
"ASV377",4,4,1,0,0,0,0,0,0,0
"ASV378",3,0,3,0,0,0,0,0,0,0
"ASV379",3,2,1,0,0,0,0,0,0,0
"ASV380",2,4,1,0,0,0,0,0,0,0
"ASV381",0,3,4,0,0,0,0,1,1,0
"ASV382",1,2,3,0,0,0,0,0,0,0
"ASV383",2,3,3,0,0,0,0,0,0,0
"ASV384",2,1,2,0,0,0,0,0,0,0
"ASV385",0,0,0,2,0,2,3,9,2,3
"ASV386",0,0,0,2,0,2,2,5,5,3
"ASV387",1,2,5,0,0,0,0,0,0,0
"ASV388",2,0,0,0,0,0,0,0,0,0
"ASV389",3,0,0,3,0,6,2,1,2,2
"ASV390",2,4,2,0,0,0,0,0,0,0
"ASV391",2,0,1,0,0,0,0,0,0,0
"ASV392",0,1,0,0,0,0,0,0,0,0
"ASV393",0,0,1,3,0,4,2,4,1,5
"ASV394",1,0,0,2,0,2,3,2,6,2
"ASV395",0,0,0,0,0,0,0,0,0,0
"ASV396",0,0,0,6,0,0,7,0,7,0
"ASV397",0,0,0,0,0,0,1,2,1,11
"ASV398",0,1,0,0,0,0,5,0,3,0
"ASV399",0,0,3,0,0,0,0,0,0,0
"ASV400",2,1,0,0,0,0,0,0,0,0
"ASV401",2,0,1,2,0,0,1,0,0,0
"ASV402",1,4,2,0,0,0,0,0,0,0
"ASV403",0,3,0,0,0,0,0,0,0,0
"ASV404",0,6,0,0,0,0,0,0,0,0
"ASV405",4,0,0,0,0,0,0,0,0,0
"ASV406",1,0,0,1,0,0,0,0,0,1
"ASV407",0,0,0,1,0,3,0,5,2,6
"ASV408",4,0,1,1,0,0,1,0,2,0
"ASV409",1,1,0,0,0,1,1,0,0,0
"ASV410",1,1,0,0,0,0,0,0,0,0
"ASV411",0,3,1,0,0,0,0,0,0,0
"ASV412",2,3,1,0,0,0,0,0,0,0
"ASV413",0,0,1,3,0,2,1,1,3,3
"ASV414",1,1,1,0,0,0,0,0,0,0
"ASV415",3,0,0,0,0,0,0,0,0,0
"ASV416",4,1,1,0,0,0,0,0,0,0
"ASV417",4,0,1,0,0,0,0,0,0,0
"ASV418",2,0,0,0,0,0,0,0,0,0
"ASV419",5,0,1,0,0,0,0,0,0,0
"ASV420",2,1,1,0,0,0,0,0,0,0
"ASV421",2,3,2,0,0,0,0,0,0,0
"ASV422",0,1,2,0,0,0,0,0,0,0
"ASV423",1,2,0,0,0,0,0,0,0,0
"ASV424",1,0,3,0,0,0,0,0,0,0
"ASV425",2,1,1,0,0,0,0,0,0,0
"ASV426",1,0,0,2,0,0,2,0,2,0
"ASV427",1,0,2,1,0,1,2,2,0,2
"ASV428",0,2,1,0,0,4,0,0,1,2
"ASV429",2,2,3,0,0,0,0,0,0,0
"ASV430",1,1,2,0,0,0,0,0,0,0
"ASV431",1,0,1,0,0,0,0,0,0,0
"ASV432",0,1,2,0,0,0,0,0,0,0
"ASV433",1,0,1,0,0,0,0,0,0,0
"ASV434",0,1,2,0,0,0,0,0,0,0
"ASV435",1,0,2,0,0,0,0,0,0,1
"ASV436",1,0,0,0,0,0,0,0,0,0
"ASV437",1,0,0,0,0,3,0,4,0,0
"ASV438",1,1,1,0,0,0,0,0,0,0
"ASV439",2,1,1,0,0,0,0,0,0,0
"ASV440",2,0,3,0,0,0,0,0,0,0
"ASV441",4,1,0,0,0,0,0,0,0,0
"ASV442",1,0,0,0,0,0,0,0,0,0
"ASV443",2,3,1,0,0,0,0,0,0,0
"ASV444",0,2,1,0,0,0,0,0,0,0
"ASV445",2,3,0,0,0,0,0,0,0,0
"ASV446",3,1,0,0,0,0,0,0,0,0
"ASV447",1,2,1,1,0,0,1,2,0,0
"ASV448",0,0,3,2,0,0,0,0,0,0
"ASV449",0,0,0,0,0,5,0,1,1,2
"ASV450",1,0,0,0,0,0,0,0,0,0
"ASV451",1,1,1,0,0,0,0,0,0,0
"ASV452",2,0,1,0,0,0,0,0,0,0
"ASV453",3,0,0,0,0,0,0,1,0,0
"ASV454",1,2,2,0,0,0,0,0,0,0
"ASV455",3,0,2,0,0,0,0,0,0,0
"ASV456",0,0,1,2,0,0,0,0,3,1
"ASV457",1,0,0,1,0,0,0,0,0,0
"ASV458",0,0,0,4,0,0,1,0,6,0
"ASV459",0,0,4,0,0,0,0,0,0,1
"ASV460",1,2,1,0,0,0,0,0,0,0
"ASV461",0,0,1,0,0,0,0,1,0,1
"ASV462",0,0,4,0,0,0,0,0,0,0
"ASV463",0,0,0,0,0,0,0,0,0,0
"ASV464",0,2,0,0,0,2,1,0,1,0
"ASV465",0,0,1,0,0,1,0,0,1,0
"ASV466",2,0,1,0,0,0,0,0,0,0
"ASV467",2,2,0,0,0,0,0,0,1,0
"ASV468",2,0,0,0,0,0,2,1,1,0
"ASV469",1,1,1,0,0,0,0,0,0,0
"ASV470",0,1,1,0,0,0,0,0,0,0
"ASV471",0,1,0,0,0,0,0,0,0,0
"ASV472",0,0,0,4,0,0,2,0,3,0
"ASV473",1,0,0,1,0,0,1,3,1,1
"ASV474",0,0,0,0,0,2,0,0,0,2
"ASV475",1,0,0,0,0,0,0,0,0,0
"ASV476",1,0,0,0,0,0,0,0,0,0
"ASV477",1,1,1,0,0,0,0,0,0,0
"ASV478",2,0,0,0,0,0,0,0,0,0
"ASV479",1,1,0,0,0,0,0,0,0,0
"ASV480",2,1,0,0,0,0,0,0,0,0
"ASV481",0,1,0,0,0,0,0,0,0,0
"ASV482",1,0,0,0,0,0,0,0,0,0
"ASV483",1,0,0,0,0,0,0,0,0,0
"ASV484",2,1,2,0,0,0,0,0,0,0
"ASV485",0,0,0,0,0,0,0,0,0,0
"ASV486",0,0,2,0,0,0,0,0,0,0
"ASV487",0,0,0,2,0,0,0,1,0,0
"ASV488",0,0,0,0,7,0,0,0,0,0
"ASV489",0,0,0,0,0,2,1,2,0,1
"ASV490",0,0,2,0,0,0,0,0,0,0
"ASV491",0,0,1,0,0,0,0,0,0,0
"ASV492",1,1,0,0,0,0,0,0,0,0
"ASV493",0,1,1,0,0,0,0,0,0,0
"ASV494",0,0,2,0,0,0,0,0,0,0
"ASV495",3,0,0,0,0,0,0,0,0,0
"ASV496",0,1,1,0,0,0,0,0,0,0
"ASV497",1,0,0,0,0,0,0,0,0,0
"ASV498",0,0,0,0,0,0,0,0,0,0
"ASV499",0,0,0,3,0,0,3,0,0,0
"ASV500",0,0,0,0,6,0,0,0,0,0
"ASV501",1,0,0,0,0,0,0,0,0,0
"ASV502",1,0,2,0,0,0,0,0,0,0
"ASV503",1,0,0,0,0,0,0,0,0,0
"ASV504",0,1,0,0,0,0,0,0,0,0
"ASV505",0,2,0,0,0,0,0,0,0,0
"ASV506",0,0,0,0,0,0,0,0,0,0
"ASV507",0,0,0,0,0,0,0,0,0,0
"ASV508",0,1,0,0,0,0,0,0,0,0
"ASV509",0,1,1,0,0,0,0,0,0,0
"ASV510",0,0,2,0,0,0,0,0,0,0
"ASV511",0,0,0,0,5,0,0,0,0,0
"ASV512",0,1,1,0,0,0,0,0,0,0
"ASV513",1,0,0,0,0,0,0,0,0,0
"ASV514",0,0,0,0,0,0,0,0,0,0
"ASV515",2,0,1,0,0,0,0,0,0,0
"ASV516",1,0,1,0,0,0,0,0,0,0
"ASV517",0,0,1,0,0,0,1,0,0,0
"ASV518",0,0,1,0,0,0,0,0,0,0
"ASV519",0,0,0,0,0,0,0,0,0,5
"ASV520",1,0,0,0,0,0,0,0,0,0
"ASV521",0,0,1,0,0,0,0,0,0,0
"ASV522",0,0,0,0,0,0,0,0,0,0
"ASV523",0,0,0,0,0,0,0,0,0,0
"ASV524",0,0,0,0,0,0,1,1,1,0
"ASV525",0,0,1,0,0,0,0,0,0,0
"ASV526",0,2,0,0,0,0,0,0,0,0
"ASV527",2,0,0,0,0,0,0,0,0,0
"ASV528",0,0,0,0,0,1,0,1,0,0
"ASV529",0,0,0,0,0,0,0,0,0,0
"ASV530",1,0,0,0,0,0,0,0,0,0
"ASV531",2,0,0,0,0,0,0,0,0,0
"ASV532",0,0,0,0,0,0,0,0,0,0
"ASV533",0,0,0,0,0,0,0,0,0,0
"ASV534",0,0,0,0,0,0,0,0,0,0
"ASV535",0,0,0,0,0,0,0,0,0,0
"ASV536",0,0,0,0,0,0,1,0,0,0
"ASV537",0,1,0,0,0,0,0,0,0,0
"ASV538",0,0,0,0,0,0,0,0,0,0
"ASV539",0,0,0,0,0,0,0,0,0,0
"ASV540",0,0,0,0,0,0,0,0,0,0
"ASV541",2,0,0,0,0,0,0,0,0,0
"ASV542",2,0,0,0,0,0,0,0,0,0
"ASV543",0,0,0,0,0,0,0,0,0,0
"ASV544",0,0,0,0,0,0,0,0,0,0
"ASV545",0,0,0,0,0,0,2,0,0,0
"ASV546",0,0,0,0,0,0,0,0,0,0
"ASV547",0,0,0,0,0,0,0,0,0,0
"ASV548",0,1,0,0,0,0,0,0,0,0
"ASV549",0,1,0,0,0,0,0,0,0,0
"ASV550",0,0,0,1,0,0,0,0,0,0
"ASV551",0,1,0,0,0,0,0,0,0,0
"ASV552",0,0,0,0,0,0,0,0,0,0
"ASV553",0,0,0,0,0,0,0,0,0,0
"ASV554",0,0,0,0,0,0,0,0,0,0
