"ID_ASV","ARMS2028S","Equimolar20","Equimolar18","%cover20","%cover18","AllOTUs","ARMS1828S","Negative1820","Negative17","ExpectedEq17","ExpectedEq18","ExpectedEq20","ExpectedPC17","ExpectedPC18","ExpectedPC20","Equimolar17","%cover17","ARMS1728S","ARMS18CO1","ARMS20CO1","ARMS17CO1","ExpectedAllOTUs"
"ASV1",25959,334,410,2080,1195,171,16316,0,6,3501.076923,2706.9375,2207.055556,774.2974495,205.8439517,434.4938902,2590.666667,2798.666667,49883.33333,1,0,9,"10"
"ASV10000",0,0,0,0,0,0,0,0,0,0,0,0,0,0,0,0,0,0,0,16,0,"10"
"ASV100014",0,0,0,0,0,0,0,0,0,3501.076923,0,0,327.8845368,0,0,22,18.33333333,6,1,0,5,"10"
"ASV10002",0,0,0,0,0,0,0,0,0,0,0,0,0,0,0,0,0,0,0,3,4,"0"
"ASV100043",0,0,0,0,0,0,0,0,0,3501.076923,0,0,20.72833271,0,0,390.6666667,12,240,0,0,0,"10"
"ASV100045",0,0,0,0,0,0,0,0,0,0,0,0,0,0,0,0,0,0.666666667,0,0,0,"0"
"ASV10012",0,0,0,0,0,0,0,0,0,0,0,0,0,0,0,0,0,0,4,0,2,"10"
"ASV10016",0,0,0,0,0,0,0,0,0,0,0,0,0,0,0,0,0,0,134,16,561,"0"
"ASV10025",0,0,0,0,0,0,0,0,0,0,0,0,0,0,0,0,0,0,0,297,0,"0"
"ASV10035",0,0,0,0,0,0,0,0,0,0,0,0,0,0,0,0,0,0,136,2,0,"0"
"ASV10052",0,0,0,0,0,0,0,0,0,0,0,0,0,0,0,0,0,0,74,0,0,"10"
"ASV10076",0,0,0,0,0,0,0,0,0,0,0,0,0,0,0,0,0,0,11,6,0,"0"
"ASV101",2,761,599,23,41,117,0,0,0,0,2706.9375,2207.055556,0,7.83125147,7.889215339,0,0,0,0,0,0,"10"
"ASV108",77,13,11,5,0,1367,0,0,0,0,0,0,0,0,0,0,0,0,0,0,0,"10"
"ASV109",0,0,0,0,0,1325,0,0,0,0,0,0,0,0,0,0,0,0,0,0,0,"10"
"ASV11",0,0,2757,0,8220,381,3617,0,0,0,2706.9375,0,0,345.6410316,0,0,0,0,53,0,0,"10"
"ASV110",0,0,0,0,0,1489,0,0,0,0,0,0,0,0,0,0,0,0,0,0,0,"10"
"ASV113",0,0,0,0,0,1257,0,0,0,0,0,0,0,0,0,0,0,0,0,0,0,"10"
"ASV114",3,0,882,1,54,175,1081,0,0,3501.076923,2706.9375,0,1.739440603,10.50325761,0,2063.666667,19.66666667,676.6666667,532,4,3,"10"
"ASV118",0,0,0,0,0,1496,0,0,0,0,0,0,0,0,0,0,0,0,0,0,0,"10"
"ASV12",0,0,6157,0,6350,775,741,0,0,0,2706.9375,0,0,146.4060309,0,0,0,0,192,2,0,"10"
"ASV122",11,3,0,1,0,1065,0,0,0,0,0,0,0,0,0,0.666666667,0,1,0,0,0,"10"
"ASV127",0,5,8,8,4,1022,0,0,0,0,0,0,0,0,0,0,0,0,0,0,0,"10"
"ASV129",3,0,0,0,0,1121,0,0,0,0,0,0,0,0,0,0,0,1,0,0,0,"10"
"ASV13",5532,701,2336,185,345,1094,7694,0,0,0,2706.9375,2207.055556,0,24.75869404,24.94194824,0,0,0,0,65,0,"10"
"ASV132",0,0,1,0,0,1976,0,0,0,0,0,0,0,0,0,0,0,0,0,0,0,"10"
"ASV137",0,1,0,0,0,1101,0,0,0,0,0,0,0,0,0,0,0,0,0,0,0,"10"
"ASV14",716,3665,5,7096,0,575,0,0,0,0,0,2207.055556,0,0,97.13328121,0,0,0,0,0,0,"10"
"ASV140",0,828,0,167,0,153,0,0,0,0,0,2207.055556,0,0,20.43177955,0,0,0,0,0,0,"10"
"ASV141",5,0,0,0,0,1113,0,0,0,0,0,0,0,0,0,0,0,0,0,0,0,"10"
"ASV147",0,0,0,0,0,999,0,0,0,0,0,0,0,0,0,0,0,0,0,0,0,"10"
"ASV150",0,0,0,0,0,931,0,0,0,0,0,0,0,0,0,0,0,0,0,0,0,"10"
"ASV151",0,0,0,0,0,1052,0,0,0,0,0,0,0,0,0,0,0,0,0,0,0,"10"
"ASV163",0,0,0,0,0,825,0,0,0,0,0,0,0,0,0,0,0,0,0,0,0,"10"
"ASV165",0,0,0,0,0,893,0,0,0,0,0,0,0,0,0,0,0,0,0,0,0,"10"
"ASV17",0,1,0,1,0,10620,0,0,0,0,0,0,0,0,0,0,0,0,0,0,0,"10"
"ASV177",0,0,0,0,1,581,0,0,0,0,0,0,0,0,0,0,0,0,0,0,0,"10"
"ASV178",1,2,4,2,1,1517,0,0,136,3501.076923,0,0,2750.37435,0,0,2724.333333,24440,14191.33333,29,0,2908,"10"
"ASV183",0,0,0,0,0,814,0,0,0,0,0,0,0,0,0,0,0,0,0,0,0,"10"
"ASV190",463,0,0,0,0,71,0,0,0,0,0,0,0,0,0,0,0,0,0,0,0,"0"
"ASV20",468,2272,0,6089,0,274,0,0,0,0,0,2207.055556,0,0,184.1437397,0,0,0,0,0,0,"10"
"ASV204",0,0,0,0,0,687,0,0,0,0,0,0,0,0,0,0,0,0,0,0,0,"10"
"ASV210",0,0,0,0,0,622,0,0,0,0,0,0,0,0,0,0,0,0,0,0,0,"10"
"ASV211",0,0,0,0,0,633,0,0,0,0,0,0,0,0,0,0,0,0,0,0,0,"10"
"ASV215",103,76,0,370,0,21,0,0,0,0,0,2207.055556,0,0,861.6140128,0,0,0,0,92,0,"10"
"ASV221",0,0,0,0,0,561,0,0,0,0,0,0,0,0,0,0,0,0,0,0,0,"10"
"ASV224",0,1,1,3,0,874,0,0,0,0,0,0,0,0,0,0,0,0,0,0,0,"0"
"ASV227",0,0,16,0,0,573,0,0,0,3501.076923,2706.9375,0,15.22010459,4.221200849,0,3.666666667,0,0,0,0,0,"10"
"ASV228",0,0,0,0,0,594,0,0,0,0,0,0,0,0,0,0,0,0,0,0,0,"10"
"ASV232",0,0,0,0,0,512,0,0,0,3501.076923,0,0,8.407295791,0,0,941.3333333,11.33333333,1.333333333,0,0,0,"10"
"ASV237",0,0,0,0,0,516,0,0,0,0,0,0,0,0,0,0,0,0,0,0,0,"10"
"ASV241",0,0,0,0,0,695,0,0,0,0,0,0,0,0,0,0,0,0,0,0,0,"10"
"ASV242",0,0,0,0,0,546,0,0,0,0,0,0,0,0,0,0,0,0,0,0,0,"10"
"ASV248",0,0,0,0,0,494,0,0,0,0,0,0,0,0,0,0,0,0,0,0,0,"10"
"ASV25",0,2217,0,2044,0,1088,0,0,0,0,0,2207.055556,0,0,141.9056529,0,0,0,0,0,0,"10"
"ASV259",0,0,0,0,0,574,0,0,0,0,0,0,0,0,0,0,0,0,0,0,0,"10"
"ASV265",66,1,0,0,0,312,0,0,0,0,0,0,0,0,0,0,0,0,0,0,0,"10"
"ASV266",0,0,1,0,0,402,0,0,0,0,0,0,0,0,0,0,0,0,0,0,0,"10"
"ASV269",0,0,0,0,0,371,0,0,0,0,0,0,0,0,0,0,0,0,0,0,0,"10"
"ASV270",0,0,0,0,0,390,0,0,0,0,0,0,0,0,0,0,0,0,0,0,0,"10"
"ASV271",4,0,0,0,0,395,0,0,0,0,0,0,0,0,0,0,0,0,0,0,0,"10"
"ASV278",0,0,0,0,0,379,0,0,0,0,0,0,0,0,0,0,0,0,0,0,0,"10"
"ASV284",0,0,215,0,105,65,0,0,0,0,2706.9375,0,0,35.06297225,0,0,0,0,10,0,1,"10"
"ASV295",0,0,0,0,0,339,0,0,0,0,0,0,0,0,0,0,0,0,0,0,0,"10"
"ASV296",0,0,0,0,0,383,0,0,0,0,0,0,0,0,0,0,0,0,0,0,0,"10"
"ASV3",555,9835,10409,6093,20608,5122,1184,0,18,3501.076923,2706.9375,2207.055556,5.073368197,296.6068789,80.42418067,20722.66667,81.66666667,3.333333333,4,1,0,"10"
"ASV302",25,0,0,0,0,348,0,0,0,0,0,0,0,0,0,0,0,5.666666667,0,0,0,"10"
"ASV304",0,0,0,0,0,336,0,0,0,0,0,0,0,0,0,0,0,0,0,0,0,"10"
"ASV306",1,1,512,0,10,164,0,0,0,3501.076923,2706.9375,0,0.420364926,1.364428666,0,553,3.666666667,2,0,0,0,"0"
"ASV307",0,0,0,0,0,337,0,0,0,0,0,0,0,0,0,0,0,0,0,0,0,"10"
"ASV314",0,0,0,0,0,177,0,0,0,0,0,0,0,0,0,0,0,0,0,0,0,"10"
"ASV317",0,0,1,0,0,303,0,0,0,0,0,0,0,0,0,0,0,3,0,0,0,"10"
"ASV319",2,0,0,0,0,311,0,0,0,0,0,0,0,0,0,0,0,0,0,0,0,"10"
"ASV322",0,0,0,0,0,291,0,0,0,0,0,0,0,0,0,0,0,0,0,0,0,"10"
"ASV335",0,0,0,0,0,278,0,0,0,0,0,0,0,0,0,0,0,0,0,0,0,"10"
"ASV35",0,0,3858,1,124,490,0,0,0,0,0,0,0,0,0,0,0,0,0,0,0,"0"
"ASV367",0,0,0,0,0,134,0,0,0,0,0,0,0,0,0,0,0,0,0,0,0,"10"
"ASV37",0,2,0,4,2,3908,0,0,0,0,0,0,0,0,0,0,0,0,0,0,0,"10"
"ASV377",125,31,0,50,0,6,0,0,0,0,0,2207.055556,0,0,232.9824223,0,0,0,0,0,0,"10"
"ASV386",71,1,3,4,5,1,8,0,0,0,0,0,0,0,0,0.666666667,0.666666667,8.333333333,0,0,0,"0"
"ASV399",0,0,0,0,0,223,0,0,0,0,0,0,0,0,0,0,0,0,0,0,0,"10"
"ASV4",104,10634,9010,5522,3257,4570,0,0,0,3501.076923,2706.9375,2207.055556,150.8384834,49.06257808,80.69622249,2567.333333,819.6666667,2874.333333,627,336,3923,"10"
"ASV40",25,559,436,3169,109,84,86,0,0,3501.076923,2706.9375,2207.055556,8.552249403,23.55060605,688.3662679,1026,18,37.66666667,0,0,0,"10"
"ASV402",0,0,0,0,0,146,0,0,0,0,0,0,0,0,0,0,0,0,0,0,0,"10"
"ASV403",0,0,0,0,0,197,0,0,0,0,0,0,0,0,0,0,0,0,0,0,0,"0"
"ASV420",0,0,0,0,0,211,0,0,0,0,0,0,0,0,0,0,0,0,0,0,0,"10"
"ASV433",0,0,0,0,0,132,0,0,0,0,0,0,0,0,0,0,0,0,0,0,0,"10"
"ASV444",0,0,0,0,0,91,0,0,0,0,0,0,0,0,0,0,0,0,0,0,0,"10"
"ASV461",0,0,0,0,0,146,0,0,0,0,0,0,0,0,0,0,0,0,0,0,0,"10"
"ASV469",0,0,0,0,0,126,0,0,0,0,0,0,0,0,0,0,0,0,0,0,0,"10"
"ASV474",2,0,0,0,0,140,0,0,0,0,0,0,0,0,0,0,0,0,1,1,0,"10"
"ASV48",24,1423,863,398,117,225,174,0,0,3501.076923,2706.9375,2207.055556,27.90352508,18.76089326,64.38802584,2135,27.33333333,18.66666667,0,0,0,"10"
"ASV49",15,2431,0,335,2,335,0,0,0,0,0,2207.055556,0,0,18.42726009,0,0,0,0,0,0,"10"
"ASV491",0,0,0,1,0,68,0,0,0,0,0,0,0,0,0,0,0,0,0,0,0,"10"
"ASV511",0,0,0,0,0,61,0,0,0,0,0,0,0,0,0,0,0,0,0,0,0,"10"
"ASV513",0,0,0,0,0,101,0,0,0,0,0,0,0,0,0,0,0,0,0,0,0,"10"
"ASV522",0,0,0,0,0,92,0,0,0,0,0,0,0,0,0,0,0,0,0,0,0,"10"
"ASV523",2,0,0,0,0,50,0,0,0,0,0,0,0,0,0,0,0,0,0,0,0,"10"
"ASV611",0,0,0,0,0,47,0,0,0,0,0,0,0,0,0,0,0,0,0,0,0,"10"
"ASV619",0,0,0,0,0,32,0,0,0,0,0,0,0,0,0,0,0,0,0,0,0,"10"
"ASV624",0,0,0,0,0,31,0,0,0,0,0,0,0,0,0,0,0,0,0,0,0,"10"
"ASV652",0,0,0,0,0,26,0,0,0,0,0,0,0,0,0,0,0,0,0,0,0,"10"
"ASV672",0,0,0,0,0,43,0,0,0,0,0,0,0,0,0,0,0,0,0,0,0,"10"
"ASV697",0,0,0,0,0,27,0,0,0,0,0,0,0,0,0,0,0,0,0,0,0,"10"
"ASV71",1,885,1094,17,195,342,108,0,0,0,2706.9375,2207.055556,0,11.14283366,2.706100943,0,0,0,0,0,0,"10"
"ASV720",0,0,0,0,0,17,0,0,0,0,0,0,0,0,0,0,0,0,0,0,0,"10"
"ASV723",0,10,1,4,0,1,0,0,0,0,0,0,0,0,0,0,0,0,0,0,0,"10"
"ASV8",110,2518,2685,10465,3358,1377,120,0,613,3501.076923,2706.9375,2207.055556,739.3781811,106.0274722,407.9912807,11077.66667,20798.66667,1202.666667,0,0,0,"10"
"ASV8000",0,0,0,0,0,0,0,0,0,0,0,2207.055556,0,0,13.96004572,0,0,0,0,0,0,"10"
"ASV81",0,0,0,0,0,2193,0,0,0,0,0,0,0,0,0,0,0,0,0,0,0,"10"
"ASV87",443,505,0,836,1,119,0,0,0,0,0,2207.055556,0,0,320.9378683,0,0,9,0,0,0,"10"
"ASV91",0,0,0,0,0,1703,0,0,0,0,0,0,0,0,0,0,0,0,0,0,0,"10"
"ASV95",3,1,1028,0,594,476,0,0,0,0,2706.9375,0,0,52.35994736,0,0,0,0,0,0,0,"10"
"ASV20000",0,0,0,0,0,0,0,0,0,0,0,0,0,0,0,0,0,0,0,0,0,"10"
"ASV20001",0,0,0,0,0,0,0,0,0,0,0,0,0,0,0,0,0,0,0,0,0,"10"
"ASV20002",0,0,0,0,0,0,0,0,0,0,0,0,0,0,0,0,0,0,0,0,0,"10"
"ASV20003",0,0,0,0,0,0,0,0,0,0,0,0,0,0,0,0,0,0,0,0,0,"10"
"ASV20004",0,0,0,0,0,0,0,0,0,0,0,0,0,0,0,0,0,0,0,0,0,"10"
"ASV20005",0,0,0,0,0,0,0,0,0,0,0,0,0,0,0,0,0,0,0,0,0,"10"
"ASV20006",0,0,0,0,0,0,0,0,0,0,0,0,0,0,0,0,0,0,0,0,0,"10"
"ASV20007",0,0,0,0,0,0,0,0,0,0,0,0,0,0,0,0,0,0,0,0,0,"10"
"ASV20008",0,0,0,0,0,0,0,0,0,0,0,0,0,0,0,0,0,0,0,0,0,"10"
"ASV20009",0,0,0,0,0,0,0,0,0,0,0,0,0,0,0,0,0,0,0,0,0,"10"
"ASV20010",0,0,0,0,0,0,0,0,0,0,0,0,0,0,0,0,0,0,0,0,0,"10"
"ASV20011",0,0,0,0,0,0,0,0,0,0,0,0,0,0,0,0,0,0,0,0,0,"10"
"ASV20012",0,0,0,0,0,0,0,0,0,0,0,0,0,0,0,0,0,0,0,0,0,"10"
"ASV20013",0,0,0,0,0,0,0,0,0,0,0,0,0,0,0,0,0,0,0,0,0,"10"
"ASV20014",0,0,0,0,0,0,0,0,0,0,0,0,0,0,0,0,0,0,0,0,0,"10"
"ASV20015",0,0,0,0,0,0,0,0,0,0,0,0,0,0,0,0,0,0,0,0,0,"10"
"ASV20016",0,0,0,0,0,0,0,0,0,0,0,0,0,0,0,0,0,0,0,0,0,"10"
"ASV20017",0,0,0,0,0,0,0,0,0,0,0,0,0,0,0,0,0,0,0,0,0,"10"
"ASV20018",0,0,0,0,0,0,0,0,0,0,0,0,0,0,0,0,0,0,0,0,0,"10"
"ASV20019",0,0,0,0,0,0,0,0,0,0,0,0,0,0,0,0,0,0,0,0,0,"10"
"ASV20020",0,0,0,0,0,0,0,0,0,0,0,0,0,0,0,0,0,0,0,0,0,"10"
"ASV20021",0,0,0,0,0,0,0,0,0,0,0,0,0,0,0,0,0,0,0,0,0,"10"
"ASV20022",0,0,0,0,0,0,0,0,0,0,0,0,0,0,0,0,0,0,0,0,0,"10"
"ASV20023",0,0,0,0,0,0,0,0,0,0,0,0,0,0,0,0,0,0,0,0,0,"10"
"ASV20024",0,0,0,0,0,0,0,0,0,0,0,0,0,0,0,0,0,0,0,0,0,"10"
"ASV20025",0,0,0,0,0,0,0,0,0,0,0,0,0,0,0,0,0,0,0,0,0,"10"
"ASV20026",0,0,0,0,0,0,0,0,0,0,0,0,0,0,0,0,0,0,0,0,0,"10"
"ASV20027",0,0,0,0,0,0,0,0,0,0,0,0,0,0,0,0,0,0,0,0,0,"10"
"ASV20028",0,0,0,0,0,0,0,0,0,0,0,0,0,0,0,0,0,0,0,0,0,"10"
"ASV20029",0,0,0,0,0,0,0,0,0,0,0,0,0,0,0,0,0,0,0,0,0,"10"
"ASV20030",0,0,0,0,0,0,0,0,0,0,0,0,0,0,0,0,0,0,0,0,0,"10"
"ASV20031",0,0,0,0,0,0,0,0,0,0,0,0,0,0,0,0,0,0,0,0,0,"10"
"ASV20032",0,0,0,0,0,0,0,0,0,0,0,0,0,0,0,0,0,0,0,0,0,"10"
"ASV20033",0,0,0,0,0,0,0,0,0,0,0,0,0,0,0,0,0,0,0,0,0,"10"
"ASV20034",0,0,0,0,0,0,0,0,0,0,0,0,0,0,0,0,0,0,0,0,0,"10"
"ASV20035",0,0,0,0,0,0,0,0,0,0,0,0,0,0,0,0,0,0,0,0,0,"10"
"ASV20036",0,0,0,0,0,0,0,0,0,0,0,0,0,0,0,0,0,0,0,0,0,"10"
"ASV20037",0,0,0,0,0,0,0,0,0,0,0,0,0,0,0,0,0,0,0,0,0,"10"
"ASV20038",0,0,0,0,0,0,0,0,0,0,0,0,0,0,0,0,0,0,0,0,0,"10"
"ASV20039",0,0,0,0,0,0,0,0,0,0,0,0,0,0,0,0,0,0,0,0,0,"10"
"ASV20040",0,0,0,0,0,0,0,0,0,0,0,0,0,0,0,0,0,0,0,0,0,"10"
"ASV20041",0,0,0,0,0,0,0,0,0,0,0,0,0,0,0,0,0,0,0,0,0,"10"
"ASV20042",0,0,0,0,0,0,0,0,0,0,0,0,0,0,0,0,0,0,0,0,0,"10"
"ASV20043",0,0,0,0,0,0,0,0,0,0,0,0,0,0,0,0,0,0,0,0,0,"10"
"ASV20044",0,0,0,0,0,0,0,0,0,0,0,0,0,0,0,0,0,0,0,0,0,"10"
