"ID","ARMS17R1","ARMS17R2","ARMS17R3","Equimolar17R1","Negative","%cover17R1","Equimolar17R2","%cover17R2","Equimolar17R3","%cover17R3"
"ASV1",48528,50327,50795,2520,6,2601,2563,2922,2689,2873
"ASV100",172,148,121,0,0,0,0,0,0,0
"ASV107",90,70,83,0,0,0,0,0,0,0
"ASV110",1,3,2,578,0,2,525,6,556,3
"ASV113",318,302,303,0,0,1,1,1,2,0
"ASV129",59,57,44,0,0,0,0,0,0,0
"ASV14",9,0,1,19635,18,81,20336,65,22197,99
"ASV146",50,43,42,0,0,0,0,2,0,0
"ASV159",36,32,36,0,0,0,0,0,0,0
"ASV161",35,36,35,0,0,0,0,0,0,0
"ASV162",39,36,34,0,0,0,0,0,0,0
"ASV17",2850,2901,2872,2565,0,784,2541,893,2596,782
"ASV201",5,7,13,2,0,0,0,0,0,2
"ASV206",20,22,24,0,0,0,0,0,0,0
"ASV223",12,2,4,23,0,15,26,21,17,19
"ASV225",22,12,10,0,0,0,0,0,0,0
"ASV270",10,4,11,0,0,0,0,0,0,0
"ASV280",12,7,8,0,0,0,0,0,0,0
"ASV293",9,11,7,0,0,0,0,0,0,0
"ASV294",11,7,9,0,0,0,0,0,0,0
"ASV3",14307,14120,14147,2736,136,22642,2719,26190,2718,24488
"ASV326",5,5,2,9,0,2,6,8,9,5
"ASV337",10,6,7,0,0,0,0,0,0,0
"ASV361",4,6,5,1,0,0,0,0,0,0
"ASV364",2,11,4,0,0,0,0,0,0,0
"ASV384",2,1,2,0,0,0,0,0,0,0
"ASV39",19,16,21,2107,0,23,2164,37,2134,22
"ASV399",0,0,3,0,0,0,0,0,0,0
"ASV402",2,4,2,0,0,0,0,0,0,0
"ASV410",3,1,0,0,0,0,0,0,0,0
"ASV412",2,4,3,0,0,0,0,0,0,0
"ASV416",4,2,2,0,0,0,0,0,0,0
"ASV417",9,0,2,0,0,0,0,0,0,0
"ASV420",6,2,1,0,0,0,0,0,0,0
"ASV425",2,1,1,0,0,0,0,0,0,0
"ASV429",3,2,3,0,0,0,0,0,0,0
"ASV43",681,684,665,2077,0,19,1973,19,2141,21
"ASV444",0,3,1,0,0,0,0,0,0,0
"ASV448",0,0,3,2,0,0,0,0,0,0
"ASV456",0,0,2,2,0,0,1,0,3,1
"ASV457",1,0,0,1,0,0,0,0,0,0
"ASV458",0,0,0,4,0,0,1,0,6,0
"ASV477",1,1,1,0,0,0,0,0,0,0
"ASV49",239,241,240,388,0,8,394,9,390,19
"ASV492",1,1,0,0,0,0,0,0,0,0
"ASV494",0,0,2,0,0,0,0,0,0,0
"ASV5",1242,1247,1119,10916,613,19411,10844,22405,11473,20580
"ASV503",1,0,0,0,0,0,0,0,0,0
"ASV506",0,0,0,0,0,0,0,0,0,0
"ASV511",0,0,0,0,5,0,0,0,0,0
"ASV519",0,0,0,0,0,0,0,0,0,5
"ASV525",0,0,1,0,0,0,0,0,0,0
"ASV53",41,33,39,1042,0,12,1035,24,1001,18
"ASV534",0,0,0,0,0,0,0,0,0,0
"ASV536",0,0,0,0,0,0,1,0,0,0
"ASV58",2,1,1,906,0,8,953,7,965,19
"ASV70",165,186,177,0,0,0,0,0,0,0
"ASV79",166,137,124,0,0,0,0,0,0,0
"ASV83",0,0,0,0,1543,0,0,0,0,0
"ASV9",4451,4308,4155,0,36,0,0,1,0,0
